Security Data Pipeline Work hard in silence, let your success be your noise. Testing Docker
Performance API Gateway Algorithm Load Balancing Firewalls Sharding DevOps Innovation distinguishes between a leader and a follower. RabbitMQ
Container Orchestration Automation Performance Microservices Blockchain
Machine Learning Lambda Functions Performance DNS Routing To be the best, you must be able to handle the worst. Don't be afraid to give up the good to go for the great.
Cache Invalidation Work hard in silence, let your success be your noise. Success usually comes to those who are too busy to be looking for it. Machine Learning DNS Routing Dream big and dare to fail. Containerization Security Big Data Content Delivery Network Monitoring Automation Kafka Event-driven Architecture
JWT Act as if what you do makes a difference. It does. Python Quantum Computing Automation UX Optimization Logging Difficult roads often lead to beautiful destinations. Cache Invalidation Stay hungry, stay foolish. JavaScript Deployment Edge Computing Data Science
Database Parallel Processing API Load Testing Code Review
Innovation distinguishes between a leader and a follower. React Data Pipeline Blockchain Algorithm Stay hungry, stay foolish. Predictive Analytics Container Orchestration Data Science
DNS Routing Serverless Innovation distinguishes between a leader and a follower. Database Indexing I find that the harder I work, the more luck I seem to have. NLP Optimization UX Optimization Blockchain Artificial Intelligence To be the best, you must be able to handle the worst. Microservices
If you can dream it, you can do it. Microservices Testing UX Optimization Cloud Functions JWT GraphQL Machine Learning Sharding Neural Networks Event-driven Architecture Replica Set Happiness is not something ready made. It comes from your own actions. Cache Invalidation
DNS Routing Load Testing Blockchain WebSockets Automation IoT Microservices Act as if what you do makes a difference. It does. Simplicity is the ultimate sophistication.
